{"accuracy": [0.309818297624588, 0.3878454864025116, 0.4417468309402466, 0.48053136467933655, 0.5176362991333008, 0.5423728823661804, 0.5599328279495239, 0.5985646843910217, 0.5955107808113098, 0.6138342022895813, 0.6226904988288879, 0.6477324962615967, 0.6613223552703857, 0.6648343205451965, 0.6816307902336121, 0.6759810447692871, 0.6918613314628601, 0.7031607627868652, 0.7065200805664062, 0.7187356948852539, 0.7262177467346191, 0.7376698851585388, 0.7326309084892273, 0.7355321645736694, 0.7579783201217651, 0.7601160407066345, 0.7514124512672424, 0.7572148442268372, 0.7689723372459412, 0.7639334201812744, 0.7674453854560852, 0.7662238478660583, 0.7683615684509277, 0.7813406586647034, 0.7856160998344421, 0.7911131381988525, 0.7833256721496582, 0.7944724559783936, 0.7930982112884521, 0.7984424829483032, 0.8019545078277588, 0.8132539391517639, 0.8126431703567505, 0.8010383248329163, 0.7934035658836365, 0.8043976426124573, 0.8079096078872681, 0.8213467597961426, 0.8079096078872681, 0.8156970739364624, 0.8225683569908142, 0.8312719464302063, 0.8346312642097473, 0.8340204358100891, 0.8329516053199768, 0.8311192393302917, 0.8344785571098328, 0.8355473875999451, 0.8155443668365479, 0.8297449946403503, 0.8396701812744141, 0.84119713306427, 0.8389067053794861, 0.8469995260238647, 0.8476102948188782], "loss": [4.041957855224609, 2.6265180110931396, 2.2290890216827393, 1.93535315990448, 1.7894095182418823, 1.6511902809143066, 1.5767227411270142, 1.4687340259552002, 1.4520609378814697, 1.4088647365570068, 1.3777214288711548, 1.3095113039016724, 1.2503888607025146, 1.2562777996063232, 1.2156119346618652, 1.2545700073242188, 1.1823996305465698, 1.1535738706588745, 1.103652834892273, 1.103774905204773, 1.0621483325958252, 1.0469893217086792, 1.0814087390899658, 1.0788570642471313, 0.9841975569725037, 0.9615269303321838, 1.0266242027282715, 0.9966798424720764, 0.9317167401313782, 0.9793808460235596, 1.0056098699569702, 0.9879350662231445, 1.013244867324829, 0.9307875037193298, 0.9205132126808167, 0.8629828691482544, 0.9626394510269165, 0.9277925491333008, 0.9047256708145142, 0.85770183801651, 0.8577992916107178, 0.7986777424812317, 0.796929657459259, 0.8776485323905945, 0.9437568187713623, 0.8838464617729187, 0.8614861369132996, 0.7746176719665527, 0.8607125282287598, 0.826084554195404, 0.7982343435287476, 0.7415217161178589, 0.7148818969726562, 0.7515010833740234, 0.721396803855896, 0.7534971237182617, 0.7213916778564453, 0.7516491413116455, 0.896683394908905, 0.8007450699806213, 0.7555915713310242, 0.7183125615119934, 0.7086853981018066, 0.6630278825759888, 0.6977511644363403], "val_accuracy": [0.33073753118515015, 0.4324324429035187, 0.4699954092502594, 0.5153458714485168, 0.5304626822471619, 0.5524507761001587, 0.5932203531265259, 0.5941365361213684, 0.6454420685768127, 0.5675675868988037, 0.6174988746643066, 0.6637654900550842, 0.6802565455436707, 0.6862116456031799, 0.6994960904121399, 0.6784241795539856, 0.6958314180374146, 0.7146129012107849, 0.7155290842056274, 0.7191937565803528, 0.7155290842056274, 0.7283554673194885, 0.7366009950637817, 0.7407237887382507, 0.7439303994178772, 0.7228584289550781, 0.7375171780586243, 0.7535501718521118, 0.7553824782371521, 0.7498854994773865, 0.7242327332496643, 0.7475950717926025, 0.7737058997154236, 0.7530920505523682, 0.7787448167800903, 0.7672927379608154, 0.7645441889762878, 0.7764544486999512, 0.7704992890357971, 0.7622537612915039, 0.7837837934494019, 0.7911131381988525, 0.7695831656455994, 0.764086127281189, 0.764086127281189, 0.7915712594985962, 0.7801191210746765, 0.7938616871833801, 0.7782867550849915, 0.7787448167800903, 0.794319748878479, 0.7966101765632629, 0.7979844212532043, 0.7865322828292847, 0.8021072149276733, 0.7947778105735779, 0.805313766002655, 0.794319748878479, 0.7888227105140686, 0.8048557043075562, 0.8002748489379883, 0.8034814596176147, 0.8066880702972412, 0.7979844212532043, 0.7860742211341858], "val_loss": [2.977496385574341, 2.2969906330108643, 2.0373783111572266, 1.8671704530715942, 1.7877799272537231, 1.609805703163147, 1.5126630067825317, 1.4897650480270386, 1.3651790618896484, 1.6140151023864746, 1.3780298233032227, 1.3574743270874023, 1.2483294010162354, 1.238745093345642, 1.2419848442077637, 1.2943577766418457, 1.1898977756500244, 1.1697005033493042, 1.1770060062408447, 1.1366034746170044, 1.1431660652160645, 1.0989538431167603, 1.146809458732605, 1.1088937520980835, 1.0134319067001343, 1.0773385763168335, 1.1173079013824463, 1.0261660814285278, 1.0058704614639282, 1.037230372428894, 1.1222116947174072, 1.0779305696487427, 1.0195846557617188, 1.0837737321853638, 0.9957051277160645, 0.990210771560669, 1.0659130811691284, 1.0323326587677002, 0.9909970164299011, 1.0013487339019775, 0.9500533938407898, 0.946272611618042, 0.971950888633728, 1.0140454769134521, 1.0628386735916138, 0.9702478647232056, 1.00700044631958, 0.9478586912155151, 1.0068928003311157, 0.9968823194503784, 0.9115769863128662, 0.913649320602417, 0.9104408025741577, 0.9133448004722595, 0.8655707240104675, 0.9433240294456482, 0.8961266875267029, 1.0121440887451172, 1.1240122318267822, 0.9163268208503723, 0.9262511730194092, 0.9392537474632263, 0.9570295810699463, 0.8936774730682373, 1.0884995460510254]}